LoanID,Customer,Phone,Branch,Agent,DueDate,EMI,Paid
LN-00001,Vikas Singh,9884276267,Patna,R. Verma,2026-09-22,6000,0.0
LN-00002,Geeta Verma,9869341376,Gaya,A. Singh,2026-10-01,3000,3000
LN-00003,Vikas Gupta,9864477211,Muzaffarpur,K. Mishra,2026-10-05,10000,10000
LN-00004,Vikas Kumar,9839293601,Bhagalpur,D. Kumar,2026-10-01,6000,6000
LN-00005,Arun Pandit,9840986470,Patna,R. Verma,2026-09-26,6000,6000
LN-00006,Vikas Mishra,9886223799,Gaya,A. Singh,2026-09-15,4000,0.0
LN-00007,Ritu Kumar,9895420034,Muzaffarpur,P. Yadav,2026-10-04,8000,8000
LN-00008,Meera Singh,9899833685,Bhagalpur,D. Kumar,2026-09-25,10000,10000
LN-00009,Amit Chaudhary,9850872021,Patna,S. Gupta,2026-09-08,12000,3000.0
LN-00010,Neha Kumar,9813452099,Gaya,A. Singh,2026-10-01,6000,6000
LN-00011,Neha Gupta,9815434702,Muzaffarpur,P. Yadav,2026-10-01,15000,15000
LN-00012,Manoj Gupta,9850490924,Bhagalpur,D. Kumar,2026-10-02,12000,12000
LN-00013,Meera Yadav,9849003443,Patna,S. Gupta,2026-09-13,2500,0.0
LN-00014,Vikas Rai,9887447635,Gaya,A. Singh,2026-09-28,8000,0.0
LN-00015,Pooja Yadav,9820567041,Muzaffarpur,K. Mishra,2026-08-05,12000,3000.0
LN-00016,Shalini Verma,9853465179,Bhagalpur,D. Kumar,2026-09-30,5000,5000
LN-00017,Vikas Kumar,9850536250,Patna,R. Verma,2026-09-11,5000,0.0
LN-00018,Sanjay Mishra,9856954368,Gaya,A. Singh,2026-09-21,8000,4000.0
LN-00019,Arun Mishra,9818899277,Muzaffarpur,K. Mishra,2026-10-03,2500,0.0
LN-00020,Shalini Singh,9821602505,Bhagalpur,D. Kumar,2026-08-04,12000,0.0
LN-00021,Rahul Pandit,9896936578,Patna,R. Verma,2026-09-30,12000,12000
LN-00022,Geeta Pandit,9884413347,Gaya,A. Singh,2026-09-28,15000,15000
LN-00023,Ramesh Kumar,9821034810,Muzaffarpur,P. Yadav,2026-09-26,12000,12000
LN-00024,Rahul Sharma,9890341475,Bhagalpur,D. Kumar,2026-09-25,2500,0.0
LN-00025,Shalini Kumar,9846621926,Patna,S. Gupta,2026-09-25,6000,6000
LN-00026,Manoj Sharma,9826763577,Gaya,A. Singh,2026-09-29,8000,0.0
LN-00027,Geeta Pandit,9843052933,Muzaffarpur,K. Mishra,2026-10-04,10000,0.0
LN-00028,Sanjay Kumar,9877396132,Bhagalpur,D. Kumar,2026-09-27,5000,5000
LN-00029,Sanjay Kumar,9840751871,Patna,R. Verma,2026-09-27,2500,2500
LN-00030,Deepak Kumar,9838537868,Gaya,A. Singh,2026-07-25,2500,0.0
LN-00031,Meera Sharma,9864663326,Muzaffarpur,P. Yadav,2026-09-10,15000,0.0
LN-00032,Sunita Yadav,9852776210,Bhagalpur,D. Kumar,2026-09-11,3000,0.0
LN-00033,Arun Pandit,9874837798,Patna,R. Verma,2026-06-23,2500,0.0
LN-00034,Kavita Chaudhary,9823559197,Gaya,A. Singh,2026-09-14,3000,0.0
LN-00035,Sanjay Singh,9850664625,Muzaffarpur,K. Mishra,2026-09-20,10000,5000.0
LN-00036,Pooja Gupta,9845122557,Bhagalpur,D. Kumar,2026-10-02,6000,6000
LN-00037,Priya Rai,9835384204,Patna,S. Gupta,2026-07-07,4000,0.0
LN-00038,Ramesh Pandit,9874721334,Gaya,A. Singh,2026-05-29,10000,0.0
LN-00039,Sanjay Yadav,9871819072,Muzaffarpur,P. Yadav,2026-05-24,12000,0.0
LN-00040,Pooja Chaudhary,9881584040,Bhagalpur,D. Kumar,2026-10-02,12000,0.0
LN-00041,Neha Mishra,9862911139,Patna,R. Verma,2026-09-28,10000,10000
LN-00042,Vikas Singh,9883065959,Gaya,A. Singh,2026-09-19,4000,1000.0
LN-00043,Manoj Kumar,9880545270,Muzaffarpur,P. Yadav,2026-10-01,4000,4000
LN-00044,Suresh Singh,9825983814,Bhagalpur,D. Kumar,2026-10-04,3000,0.0
LN-00045,Ramesh Kumar,9848138113,Patna,R. Verma,2026-09-30,6000,4500.0
LN-00046,Priya Mishra,9812675798,Gaya,A. Singh,2026-09-26,5000,5000
LN-00047,Deepak Mishra,9885495429,Muzaffarpur,P. Yadav,2026-10-03,10000,10000
LN-00048,Vikas Sharma,9829313635,Bhagalpur,D. Kumar,2026-09-22,12000,0.0
LN-00049,Pooja Gupta,9871082102,Patna,R. Verma,2026-09-10,10000,5000.0
LN-00050,Priya Pandit,9884590449,Gaya,A. Singh,2026-09-04,10000,2500.0
LN-00051,Naresh Yadav,9810218105,Muzaffarpur,K. Mishra,2026-09-27,5000,5000
LN-00052,Ritu Gupta,9838231687,Bhagalpur,D. Kumar,2026-08-27,5000,2500.0
LN-00053,Naresh Sharma,9870457080,Patna,R. Verma,2026-09-06,8000,2000.0
LN-00054,Shalini Sharma,9841003950,Gaya,A. Singh,2026-10-04,2500,2500
LN-00055,Vikas Yadav,9855030514,Muzaffarpur,K. Mishra,2026-09-30,3000,3000
LN-00056,Ritu Sharma,9853198555,Bhagalpur,D. Kumar,2026-09-28,4000,0.0
LN-00057,Suresh Rai,9873055497,Patna,R. Verma,2026-06-14,6000,0.0
LN-00058,Sunita Verma,9896465699,Gaya,A. Singh,2026-09-30,15000,15000
LN-00059,Meera Singh,9859525271,Muzaffarpur,P. Yadav,2026-09-14,8000,0.0
LN-00060,Meera Yadav,9847443123,Bhagalpur,D. Kumar,2026-05-14,8000,0.0
LN-00061,Geeta Pandit,9878916201,Patna,S. Gupta,2026-10-02,2500,2500
LN-00062,Deepak Pandit,9891507457,Gaya,A. Singh,2026-09-11,6000,1500.0
LN-00063,Suresh Gupta,9871591401,Muzaffarpur,K. Mishra,2026-10-01,5000,5000
LN-00064,Priya Yadav,9838698727,Bhagalpur,D. Kumar,2026-09-15,10000,0.0
LN-00065,Vikas Mishra,9861055277,Patna,R. Verma,2026-10-02,12000,12000
LN-00066,Arun Yadav,9834521399,Gaya,A. Singh,2026-09-29,3000,3000
LN-00067,Shalini Verma,9866163589,Muzaffarpur,K. Mishra,2026-09-25,4000,4000
LN-00068,Neha Singh,9818764104,Bhagalpur,D. Kumar,2026-10-04,5000,5000
LN-00069,Suresh Sharma,9855689796,Patna,R. Verma,2026-10-02,12000,12000
LN-00070,Vikas Verma,9846841910,Gaya,A. Singh,2026-09-22,10000,0.0
LN-00071,Neha Mishra,9864185423,Muzaffarpur,P. Yadav,2026-10-02,6000,6000
LN-00072,Sunita Pandit,9819825392,Bhagalpur,D. Kumar,2026-09-28,15000,15000
LN-00073,Deepak Rai,9892247341,Patna,R. Verma,2026-08-11,2500,625.0
LN-00074,Geeta Gupta,9860382418,Gaya,A. Singh,2026-10-03,5000,5000
LN-00075,Anita Gupta,9820102545,Muzaffarpur,K. Mishra,2026-07-25,6000,0.0
LN-00076,Suresh Yadav,9858882174,Bhagalpur,D. Kumar,2026-09-29,3000,3000
LN-00077,Ritu Kumar,9818725165,Patna,R. Verma,2026-10-04,5000,5000
LN-00078,Meera Mishra,9829957349,Gaya,A. Singh,2026-09-14,4000,0.0
LN-00079,Anita Yadav,9831566788,Muzaffarpur,P. Yadav,2026-09-27,4000,0.0
LN-00080,Naresh Singh,9827325705,Bhagalpur,D. Kumar,2026-10-04,15000,15000
LN-00081,Vikas Kumar,9893949717,Patna,R. Verma,2026-10-03,5000,5000
LN-00082,Arun Sharma,9833163289,Gaya,A. Singh,2026-10-02,15000,15000
LN-00083,Naresh Chaudhary,9893825709,Muzaffarpur,P. Yadav,2026-09-14,4000,3000.0
LN-00084,Manoj Singh,9818049519,Bhagalpur,D. Kumar,2026-10-04,12000,12000
LN-00085,Sanjay Sharma,9871171097,Patna,S. Gupta,2026-09-27,8000,0.0
LN-00086,Anita Mishra,9897054917,Gaya,A. Singh,2026-10-02,2500,0.0
LN-00087,Shalini Mishra,9867681254,Muzaffarpur,K. Mishra,2026-09-27,2500,2500
LN-00088,Sanjay Mishra,9832934335,Bhagalpur,D. Kumar,2026-10-03,4000,4000
LN-00089,Deepak Yadav,9857590812,Patna,S. Gupta,2026-10-02,3000,3000
LN-00090,Sunita Kumar,9855383620,Gaya,A. Singh,2026-09-27,5000,0.0
LN-00091,Priya Gupta,9813136198,Muzaffarpur,P. Yadav,2026-10-02,5000,5000
LN-00092,Suresh Sharma,9893297567,Bhagalpur,D. Kumar,2026-08-03,12000,6000.0
LN-00093,Anita Yadav,9812748046,Patna,S. Gupta,2026-06-06,10000,0.0
LN-00094,Priya Mishra,9840460244,Gaya,A. Singh,2026-09-03,10000,7500.0
LN-00095,Anita Pandit,9884285198,Muzaffarpur,P. Yadav,2026-09-26,3000,2250.0
LN-00096,Meera Rai,9852589253,Bhagalpur,D. Kumar,2026-08-04,8000,6000.0
LN-00097,Amit Gupta,9817723883,Patna,S. Gupta,2026-10-01,12000,12000
LN-00098,Suresh Yadav,9837499691,Gaya,A. Singh,2026-10-05,4000,4000
LN-00099,Geeta Rai,9813355057,Muzaffarpur,K. Mishra,2026-06-24,12000,0.0
LN-00100,Manoj Kumar,9814292280,Bhagalpur,D. Kumar,2026-06-19,6000,0.0
LN-00101,Rahul Pandit,9896373230,Patna,S. Gupta,2026-09-28,12000,0.0
LN-00102,Rahul Chaudhary,9898075143,Gaya,A. Singh,2026-09-25,6000,6000
LN-00103,Amit Sharma,9861743752,Muzaffarpur,P. Yadav,2026-09-10,5000,2500.0
LN-00104,Manoj Sharma,9831544838,Bhagalpur,D. Kumar,2026-09-01,5000,2500.0
LN-00105,Kavita Mishra,9810196382,Patna,R. Verma,2026-09-26,8000,4000.0
LN-00106,Manoj Chaudhary,9832530390,Gaya,A. Singh,2026-05-29,3000,0.0
LN-00107,Anita Kumar,9816185054,Muzaffarpur,P. Yadav,2026-08-03,12000,0.0
LN-00108,Priya Yadav,9856905765,Bhagalpur,D. Kumar,2026-09-14,10000,0.0
LN-00109,Deepak Sharma,9865178225,Patna,R. Verma,2026-10-02,4000,4000
LN-00110,Amit Singh,9890925438,Gaya,A. Singh,2026-09-27,15000,0.0
LN-00111,Suresh Singh,9824807679,Muzaffarpur,P. Yadav,2026-05-28,6000,0.0
LN-00112,Naresh Sharma,9831939708,Bhagalpur,D. Kumar,2026-06-20,6000,0.0
LN-00113,Ramesh Yadav,9895875332,Patna,R. Verma,2026-09-29,8000,8000
LN-00114,Shalini Mishra,9844813077,Gaya,A. Singh,2026-09-28,3000,0.0
LN-00115,Geeta Kumar,9856796419,Muzaffarpur,P. Yadav,2026-09-29,3000,3000
LN-00116,Pooja Singh,9847218688,Bhagalpur,D. Kumar,2026-09-30,4000,4000
LN-00117,Kavita Yadav,9849803822,Patna,R. Verma,2026-09-06,12000,6000.0
LN-00118,Ramesh Pandit,9810515827,Gaya,A. Singh,2026-07-30,2500,0.0
LN-00119,Neha Yadav,9855896152,Muzaffarpur,P. Yadav,2026-09-25,4000,4000
LN-00120,Geeta Singh,9883393257,Bhagalpur,D. Kumar,2026-09-30,8000,8000
LN-00121,Suresh Chaudhary,9825654992,Patna,R. Verma,2026-05-24,2500,0.0
LN-00122,Meera Singh,9887269419,Gaya,A. Singh,2026-06-28,8000,0.0
LN-00123,Rahul Chaudhary,9860386773,Muzaffarpur,P. Yadav,2026-10-04,6000,6000
LN-00124,Pooja Kumar,9834164736,Bhagalpur,D. Kumar,2026-09-25,5000,5000
LN-00125,Neha Pandit,9822249892,Patna,S. Gupta,2026-10-04,8000,8000
LN-00126,Deepak Chaudhary,9879558691,Gaya,A. Singh,2026-09-15,15000,0.0
LN-00127,Meera Rai,9887269698,Muzaffarpur,P. Yadav,2026-06-01,2500,0.0
LN-00128,Pooja Singh,9831573760,Bhagalpur,D. Kumar,2026-08-03,5000,1250.0
LN-00129,Sunita Kumar,9888553192,Patna,S. Gupta,2026-09-20,2500,0.0
LN-00130,Shalini Rai,9837704451,Gaya,A. Singh,2026-10-01,4000,4000
LN-00131,Sunita Singh,9833658838,Muzaffarpur,K. Mishra,2026-10-05,6000,6000
LN-00132,Priya Pandit,9846430855,Bhagalpur,D. Kumar,2026-09-28,6000,6000
LN-00133,Shalini Singh,9826521886,Patna,R. Verma,2026-10-05,12000,12000
LN-00134,Sunita Chaudhary,9879785762,Gaya,A. Singh,2026-06-11,3000,0.0
LN-00135,Deepak Pandit,9854432850,Muzaffarpur,P. Yadav,2026-05-10,4000,0.0
LN-00136,Manoj Chaudhary,9831767768,Bhagalpur,D. Kumar,2026-10-01,10000,10000
LN-00137,Vikas Verma,9824224782,Patna,S. Gupta,2026-09-30,2500,2500
LN-00138,Naresh Rai,9821290053,Gaya,A. Singh,2026-06-09,4000,0.0
LN-00139,Amit Singh,9877688711,Muzaffarpur,K. Mishra,2026-09-25,4000,4000
LN-00140,Pooja Kumar,9821187498,Bhagalpur,D. Kumar,2026-10-03,2500,2500
LN-00141,Sanjay Mishra,9820087734,Patna,S. Gupta,2026-10-02,15000,15000
LN-00142,Ritu Singh,9835134797,Gaya,A. Singh,2026-09-29,12000,0.0
LN-00143,Anita Singh,9897913025,Muzaffarpur,P. Yadav,2026-08-20,4000,3000.0
LN-00144,Sunita Singh,9833461853,Bhagalpur,D. Kumar,2026-09-28,12000,12000
LN-00145,Manoj Mishra,9866490114,Patna,R. Verma,2026-07-28,5000,3750.0
LN-00146,Shalini Kumar,9836675060,Gaya,A. Singh,2026-09-27,6000,6000
LN-00147,Rahul Yadav,9831901460,Muzaffarpur,K. Mishra,2026-08-29,5000,2500.0
LN-00148,Naresh Verma,9814023097,Bhagalpur,D. Kumar,2026-08-13,2500,625.0
LN-00149,Geeta Gupta,9847773314,Patna,R. Verma,2026-06-07,8000,0.0
LN-00150,Priya Gupta,9897729365,Gaya,A. Singh,2026-10-02,8000,8000
LN-00151,Priya Verma,9877509529,Muzaffarpur,K. Mishra,2026-09-29,15000,15000
LN-00152,Sunita Chaudhary,9824465261,Bhagalpur,D. Kumar,2026-09-28,4000,4000
LN-00153,Vikas Rai,9873734155,Patna,S. Gupta,2026-09-24,12000,0.0
LN-00154,Deepak Sharma,9863883030,Gaya,A. Singh,2026-10-01,8000,8000
LN-00155,Priya Kumar,9822342978,Muzaffarpur,K. Mishra,2026-09-26,5000,5000
LN-00156,Vikas Yadav,9839255435,Bhagalpur,D. Kumar,2026-10-01,10000,10000
LN-00157,Ramesh Verma,9877655606,Patna,R. Verma,2026-09-28,6000,6000
LN-00158,Sunita Chaudhary,9844903367,Gaya,A. Singh,2026-09-26,8000,8000
LN-00159,Meera Chaudhary,9886966614,Muzaffarpur,K. Mishra,2026-06-26,15000,0.0
LN-00160,Neha Mishra,9828267758,Bhagalpur,D. Kumar,2026-09-25,10000,0.0
LN-00161,Pooja Rai,9813767350,Patna,S. Gupta,2026-08-29,15000,11250.0
LN-00162,Deepak Sharma,9859157049,Gaya,A. Singh,2026-09-30,4000,0.0
LN-00163,Pooja Verma,9888667866,Muzaffarpur,P. Yadav,2026-08-29,3000,2250.0
LN-00164,Neha Chaudhary,9861223930,Bhagalpur,D. Kumar,2026-08-30,12000,6000.0
LN-00165,Kavita Rai,9897708332,Patna,R. Verma,2026-08-30,15000,3750.0
LN-00166,Rahul Gupta,9839263622,Gaya,A. Singh,2026-08-09,4000,3000.0
LN-00167,Ritu Yadav,9875982426,Muzaffarpur,P. Yadav,2026-09-24,4000,0.0
LN-00168,Suresh Chaudhary,9820188499,Bhagalpur,D. Kumar,2026-10-02,15000,15000
LN-00169,Anita Rai,9855138582,Patna,S. Gupta,2026-08-10,10000,2500.0
LN-00170,Kavita Chaudhary,9837890732,Gaya,A. Singh,2026-10-04,5000,5000
LN-00171,Meera Gupta,9868823020,Muzaffarpur,K. Mishra,2026-09-30,10000,10000
LN-00172,Geeta Pandit,9847563738,Bhagalpur,D. Kumar,2026-10-02,15000,15000
LN-00173,Priya Pandit,9827754295,Patna,S. Gupta,2026-09-28,2500,2500
LN-00174,Amit Pandit,9867288370,Gaya,A. Singh,2026-07-07,15000,0.0
LN-00175,Amit Gupta,9815478278,Muzaffarpur,K. Mishra,2026-10-03,4000,4000
LN-00176,Sanjay Mishra,9897105531,Bhagalpur,D. Kumar,2026-09-21,15000,3750.0
LN-00177,Sunita Singh,9873727890,Patna,R. Verma,2026-09-29,4000,4000
LN-00178,Rahul Kumar,9812622431,Gaya,A. Singh,2026-09-25,15000,15000
LN-00179,Arun Gupta,9821637071,Muzaffarpur,P. Yadav,2026-07-18,10000,0.0
LN-00180,Geeta Rai,9890283320,Bhagalpur,D. Kumar,2026-09-25,8000,8000
