Date,Type,Category,Description,Amount
2026-01-05,Income,Client Retainer,Monthly retainer,42000
2026-01-20,Income,Product Sales,Online product sales,18000
2026-01-01,Expense,Rent,Office rent,12000
2026-01-03,Expense,Salaries,Team payroll,55000
2026-01-10,Expense,Marketing,Ads & campaigns,8000
2026-01-15,Expense,Travel,Field travel,4000
2026-01-12,Expense,Utilities,Power & internet,2500
2026-01-08,Expense,Software,SaaS subscriptions,3200
2026-01-18,Expense,Office Supplies,Stationery,1500
2026-01-02,Expense,Insurance,Quarterly premium,6000
2026-02-05,Income,Client Retainer,Monthly retainer,42000
2026-02-20,Income,Product Sales,Online product sales,18500
2026-02-01,Expense,Rent,Office rent,12000
2026-02-03,Expense,Salaries,Team payroll,55000
2026-02-10,Expense,Marketing,Ads & campaigns,9000
2026-02-15,Expense,Travel,Field travel,3500
2026-02-12,Expense,Utilities,Power & internet,2500
2026-02-08,Expense,Software,SaaS subscriptions,3200
2026-02-18,Expense,Office Supplies,Stationery,1800
2026-02-25,Expense,Professional Fees,CA retainer,4500
2026-03-05,Income,Client Retainer,Monthly retainer,42000
2026-03-20,Income,Product Sales,Online product sales,19000
2026-03-01,Expense,Rent,Office rent,12000
2026-03-03,Expense,Salaries,Team payroll,55000
2026-03-10,Expense,Marketing,Ads & campaigns,7500
2026-03-15,Expense,Travel,Field travel,6000
2026-03-12,Expense,Utilities,Power & internet,2500
2026-03-08,Expense,Software,SaaS subscriptions,3200
2026-03-18,Expense,Office Supplies,Stationery,1200
2026-04-05,Income,Client Retainer,Monthly retainer,45000
2026-04-20,Income,Product Sales,Online product sales,19500
2026-04-01,Expense,Rent,Office rent,12000
2026-04-03,Expense,Salaries,Team payroll,55000
2026-04-10,Expense,Marketing,Ads & campaigns,11000
2026-04-15,Expense,Travel,Field travel,3000
2026-04-12,Expense,Utilities,Power & internet,2500
2026-04-08,Expense,Software,SaaS subscriptions,3200
2026-04-18,Expense,Office Supplies,Stationery,2000
2026-04-02,Expense,Insurance,Quarterly premium,6000
2026-05-05,Income,Client Retainer,Monthly retainer,45000
2026-05-20,Income,Product Sales,Online product sales,20000
2026-05-01,Expense,Rent,Office rent,12000
2026-05-03,Expense,Salaries,Team payroll,55000
2026-05-10,Expense,Marketing,Ads & campaigns,9500
2026-05-15,Expense,Travel,Field travel,4500
2026-05-12,Expense,Utilities,Power & internet,2500
2026-05-08,Expense,Software,SaaS subscriptions,3200
2026-05-18,Expense,Office Supplies,Stationery,1600
2026-05-25,Expense,Professional Fees,CA retainer,4500
2026-06-05,Income,Client Retainer,Monthly retainer,45000
2026-06-20,Income,Product Sales,Online product sales,20500
2026-06-01,Expense,Rent,Office rent,12000
2026-06-03,Expense,Salaries,Team payroll,55000
2026-06-10,Expense,Marketing,Ads & campaigns,8500
2026-06-15,Expense,Travel,Field travel,5000
2026-06-12,Expense,Utilities,Power & internet,2500
2026-06-08,Expense,Software,SaaS subscriptions,3200
2026-06-18,Expense,Office Supplies,Stationery,1400
2026-07-05,Income,Client Retainer,Monthly retainer,48000
2026-07-20,Income,Product Sales,Online product sales,21000
2026-07-01,Expense,Rent,Office rent,12000
2026-07-03,Expense,Salaries,Team payroll,55000
2026-07-10,Expense,Marketing,Ads & campaigns,12000
2026-07-15,Expense,Travel,Field travel,3500
2026-07-12,Expense,Utilities,Power & internet,2500
2026-07-08,Expense,Software,SaaS subscriptions,3200
2026-07-18,Expense,Office Supplies,Stationery,2100
2026-07-02,Expense,Insurance,Quarterly premium,6000
2026-08-05,Income,Client Retainer,Monthly retainer,48000
2026-08-20,Income,Product Sales,Online product sales,21500
2026-08-01,Expense,Rent,Office rent,12000
2026-08-03,Expense,Salaries,Team payroll,55000
2026-08-10,Expense,Marketing,Ads & campaigns,10000
2026-08-15,Expense,Travel,Field travel,4000
2026-08-12,Expense,Utilities,Power & internet,2500
2026-08-08,Expense,Software,SaaS subscriptions,3200
2026-08-18,Expense,Office Supplies,Stationery,1700
2026-08-25,Expense,Professional Fees,CA retainer,4500
2026-09-05,Income,Client Retainer,Monthly retainer,48000
2026-09-20,Income,Product Sales,Online product sales,22000
2026-09-01,Expense,Rent,Office rent,12000
2026-09-03,Expense,Salaries,Team payroll,55000
2026-09-10,Expense,Marketing,Ads & campaigns,9000
2026-09-15,Expense,Travel,Field travel,5500
2026-09-12,Expense,Utilities,Power & internet,2500
2026-09-08,Expense,Software,SaaS subscriptions,3200
2026-09-18,Expense,Office Supplies,Stationery,1900
