InvoiceNo,Client,IssueDate,DueDate,Amount,Status
INV-26001,Acme Corp,2026-06-02,2026-07-02,45000,Paid
INV-26002,Beta Ltd,2026-06-09,2026-07-09,28000,Paid
INV-26003,Gamma Inc,2026-06-16,2026-07-16,52000,Paid
INV-26004,Delta Co,2026-06-23,2026-07-23,31000,Paid
INV-26005,Epsilon LLC,2026-06-30,2026-07-30,47000,Paid
INV-26006,Acme Corp,2026-07-07,2026-08-06,39000,Paid
INV-26007,Beta Ltd,2026-07-14,2026-08-13,55000,Paid
INV-26008,Gamma Inc,2026-07-21,2026-08-20,26000,Paid
INV-26009,Delta Co,2026-07-28,2026-08-27,61000,Paid
INV-26010,Epsilon LLC,2026-08-04,2026-09-03,33000,Paid
INV-26011,Acme Corp,2026-08-11,2026-09-10,48000,Paid
INV-26012,Beta Ltd,2026-08-18,2026-09-17,29000,Paid
INV-26013,Gamma Inc,2026-08-25,2026-09-24,57000,Paid
INV-26014,Delta Co,2026-08-16,2026-09-15,34000,Unpaid
INV-26015,Epsilon LLC,2026-08-21,2026-09-20,42000,Unpaid
INV-26016,Acme Corp,2026-08-29,2026-09-28,51000,Unpaid
INV-26017,Beta Ltd,2026-09-20,2026-10-20,36000,Unpaid
INV-26018,Gamma Inc,2026-09-25,2026-10-25,44000,Unpaid
INV-26019,Delta Co,2026-10-05,2026-11-04,38000,Unpaid
INV-26020,Epsilon LLC,2026-09-01,2026-10-01,46000,Paid
