entry_id,date,account_code,description,debit,credit
E0001,2026-03-31,1000,Opening balance,320000.00,0.00
E0001,2026-03-31,1100,Opening balance,140000.00,0.00
E0001,2026-03-31,1200,Opening balance,90000.00,0.00
E0001,2026-03-31,1500,Opening balance,240000.00,0.00
E0001,2026-03-31,1510,Opening balance,0.00,48000.00
E0001,2026-03-31,2100,Opening balance,0.00,110000.00
E0001,2026-03-31,3000,Opening balance,0.00,632000.00
E0002,2026-04-03,1100,Credit sales invoices,231154.14,0.00
E0002,2026-04-03,4000,Credit sales invoices,0.00,231154.14
E0003,2026-04-08,1000,Service revenue received,30750.32,0.00
E0003,2026-04-08,4100,Service revenue received,0.00,30750.32
E0004,2026-04-12,1000,Customer collections,172002.35,0.00
E0004,2026-04-12,1100,Customer collections,0.00,172002.35
E0005,2026-04-05,1200,Inventory purchases on credit,101160.54,0.00
E0005,2026-04-05,2100,Inventory purchases on credit,0.00,101160.54
E0006,2026-04-28,5000,Cost of goods sold,109458.85,0.00
E0006,2026-04-28,1200,Cost of goods sold,0.00,109458.85
E0007,2026-04-25,6000,Monthly payroll,68533.99,0.00
E0007,2026-04-25,1000,Monthly payroll,0.00,68533.99
E0008,2026-04-02,6100,Office rent,25000.00,0.00
E0008,2026-04-02,1000,Office rent,0.00,25000.00
E0009,2026-04-20,6200,Utilities,9568.72,0.00
E0009,2026-04-20,1000,Utilities,0.00,9568.72
E0010,2026-04-15,6300,Marketing spend,13130.20,0.00
E0010,2026-04-15,1000,Marketing spend,0.00,13130.20
E0011,2026-04-30,6400,Monthly depreciation,8000.00,0.00
E0011,2026-04-30,1510,Monthly depreciation,0.00,8000.00
E0012,2026-04-18,2100,Supplier payments,81489.86,0.00
E0012,2026-04-18,1000,Supplier payments,0.00,81489.86
E0013,2026-04-22,6999,Misc operating expenses,7953.45,0.00
E0013,2026-04-22,1000,Misc operating expenses,0.00,7953.45
E0014,2026-04-10,1000,Bank loan drawdown,200000.00,0.00
E0014,2026-04-10,2500,Bank loan drawdown,0.00,200000.00
E0015,2026-05-03,1100,Credit sales invoices,197491.04,0.00
E0015,2026-05-03,4000,Credit sales invoices,0.00,197491.04
E0016,2026-05-08,1000,Service revenue received,45160.66,0.00
E0016,2026-05-08,4100,Service revenue received,0.00,45160.66
E0017,2026-05-12,1000,Customer collections,152122.88,0.00
E0017,2026-05-12,1100,Customer collections,0.00,152122.88
E0018,2026-05-05,1200,Inventory purchases on credit,99941.88,0.00
E0018,2026-05-05,2100,Inventory purchases on credit,0.00,99941.88
E0019,2026-05-28,5000,Cost of goods sold,105995.38,0.00
E0019,2026-05-28,1200,Cost of goods sold,0.00,105995.38
E0020,2026-05-25,6000,Monthly payroll,65898.83,0.00
E0020,2026-05-25,1000,Monthly payroll,0.00,65898.83
E0021,2026-05-02,6100,Office rent,25000.00,0.00
E0021,2026-05-02,1000,Office rent,0.00,25000.00
E0022,2026-05-20,6200,Utilities,6881.76,0.00
E0022,2026-05-20,1000,Utilities,0.00,6881.76
E0023,2026-05-15,6300,Marketing spend,19660.45,0.00
E0023,2026-05-15,1000,Marketing spend,0.00,19660.45
E0024,2026-05-30,6400,Monthly depreciation,8000.00,0.00
E0024,2026-05-30,1510,Monthly depreciation,0.00,8000.00
E0025,2026-05-18,2100,Supplier payments,80324.94,0.00
E0025,2026-05-18,1000,Supplier payments,0.00,80324.94
E0026,2026-05-22,6999,Misc operating expenses,10666.01,0.00
E0026,2026-05-22,1000,Misc operating expenses,0.00,10666.01
E0027,2026-05-27,2500,Loan repayment,15000.00,0.00
E0027,2026-05-27,1000,Loan repayment,0.00,15000.00
E0028,2026-06-03,1100,Credit sales invoices,244465.54,0.00
E0028,2026-06-03,4000,Credit sales invoices,0.00,244465.54
E0029,2026-06-08,1000,Service revenue received,50944.18,0.00
E0029,2026-06-08,4100,Service revenue received,0.00,50944.18
E0030,2026-06-12,1000,Customer collections,177220.04,0.00
E0030,2026-06-12,1100,Customer collections,0.00,177220.04
E0031,2026-06-05,1200,Inventory purchases on credit,97773.97,0.00
E0031,2026-06-05,2100,Inventory purchases on credit,0.00,97773.97
E0032,2026-06-28,5000,Cost of goods sold,118288.52,0.00
E0032,2026-06-28,1200,Cost of goods sold,0.00,118288.52
E0033,2026-06-25,6000,Monthly payroll,61731.89,0.00
E0033,2026-06-25,1000,Monthly payroll,0.00,61731.89
E0034,2026-06-02,6100,Office rent,25000.00,0.00
E0034,2026-06-02,1000,Office rent,0.00,25000.00
E0035,2026-06-20,6200,Utilities,6370.98,0.00
E0035,2026-06-20,1000,Utilities,0.00,6370.98
E0036,2026-06-15,6300,Marketing spend,13257.31,0.00
E0036,2026-06-15,1000,Marketing spend,0.00,13257.31
E0037,2026-06-30,6400,Monthly depreciation,8000.00,0.00
E0037,2026-06-30,1510,Monthly depreciation,0.00,8000.00
E0038,2026-06-18,2100,Supplier payments,110186.30,0.00
E0038,2026-06-18,1000,Supplier payments,0.00,110186.30
E0039,2026-06-22,6999,Misc operating expenses,10932.46,0.00
E0039,2026-06-22,1000,Misc operating expenses,0.00,10932.46
E0040,2026-06-27,2500,Loan repayment,15000.00,0.00
E0040,2026-06-27,1000,Loan repayment,0.00,15000.00
E0041,2026-06-14,1500,Equipment purchase,60000.00,0.00
E0041,2026-06-14,1000,Equipment purchase,0.00,60000.00
E0042,2026-07-03,1100,Credit sales invoices,244570.26,0.00
E0042,2026-07-03,4000,Credit sales invoices,0.00,244570.26
E0043,2026-07-08,1000,Service revenue received,51891.95,0.00
E0043,2026-07-08,4100,Service revenue received,0.00,51891.95
E0044,2026-07-12,1000,Customer collections,192898.25,0.00
E0044,2026-07-12,1100,Customer collections,0.00,192898.25
E0045,2026-07-05,1200,Inventory purchases on credit,138655.79,0.00
E0045,2026-07-05,2100,Inventory purchases on credit,0.00,138655.79
E0046,2026-07-28,5000,Cost of goods sold,95141.38,0.00
E0046,2026-07-28,1200,Cost of goods sold,0.00,95141.38
E0047,2026-07-25,6000,Monthly payroll,66040.81,0.00
E0047,2026-07-25,1000,Monthly payroll,0.00,66040.81
E0048,2026-07-02,6100,Office rent,25000.00,0.00
E0048,2026-07-02,1000,Office rent,0.00,25000.00
E0049,2026-07-20,6200,Utilities,9317.62,0.00
E0049,2026-07-20,1000,Utilities,0.00,9317.62
E0050,2026-07-15,6300,Marketing spend,20040.76,0.00
E0050,2026-07-15,1000,Marketing spend,0.00,20040.76
E0051,2026-07-30,6400,Monthly depreciation,8000.00,0.00
E0051,2026-07-30,1510,Monthly depreciation,0.00,8000.00
E0052,2026-07-18,2100,Supplier payments,108867.61,0.00
E0052,2026-07-18,1000,Supplier payments,0.00,108867.61
E0053,2026-07-22,6999,Misc operating expenses,11031.95,0.00
E0053,2026-07-22,1000,Misc operating expenses,0.00,11031.95
E0054,2026-07-27,2500,Loan repayment,15000.00,0.00
E0054,2026-07-27,1000,Loan repayment,0.00,15000.00
E0055,2026-07-09,1000,Scrap sale - other income,18000.00,0.00
E0055,2026-07-09,7000,Scrap sale - other income,0.00,18000.00
E0056,2026-08-03,1100,Credit sales invoices,236365.75,0.00
E0056,2026-08-03,4000,Credit sales invoices,0.00,236365.75
E0057,2026-08-08,1000,Service revenue received,31374.73,0.00
E0057,2026-08-08,4100,Service revenue received,0.00,31374.73
E0058,2026-08-12,1000,Customer collections,168231.86,0.00
E0058,2026-08-12,1100,Customer collections,0.00,168231.86
E0059,2026-08-05,1200,Inventory purchases on credit,104469.40,0.00
E0059,2026-08-05,2100,Inventory purchases on credit,0.00,104469.40
E0060,2026-08-28,5000,Cost of goods sold,83191.68,0.00
E0060,2026-08-28,1200,Cost of goods sold,0.00,83191.68
E0061,2026-08-25,6000,Monthly payroll,59655.82,0.00
E0061,2026-08-25,1000,Monthly payroll,0.00,59655.82
E0062,2026-08-02,6100,Office rent,25000.00,0.00
E0062,2026-08-02,1000,Office rent,0.00,25000.00
E0063,2026-08-20,6200,Utilities,6404.01,0.00
E0063,2026-08-20,1000,Utilities,0.00,6404.01
E0064,2026-08-15,6300,Marketing spend,15613.66,0.00
E0064,2026-08-15,1000,Marketing spend,0.00,15613.66
E0065,2026-08-30,6400,Monthly depreciation,8000.00,0.00
E0065,2026-08-30,1510,Monthly depreciation,0.00,8000.00
E0066,2026-08-18,2100,Supplier payments,98241.61,0.00
E0066,2026-08-18,1000,Supplier payments,0.00,98241.61
E0067,2026-08-22,6999,Misc operating expenses,9449.79,0.00
E0067,2026-08-22,1000,Misc operating expenses,0.00,9449.79
E0068,2026-08-27,2500,Loan repayment,15000.00,0.00
E0068,2026-08-27,1000,Loan repayment,0.00,15000.00
E0069,2026-08-11,7100,Penalty - other expense,9000.00,0.00
E0069,2026-08-11,1000,Penalty - other expense,0.00,9000.00
E0070,2026-09-03,1100,Credit sales invoices,209614.48,0.00
E0070,2026-09-03,4000,Credit sales invoices,0.00,209614.48
E0071,2026-09-08,1000,Service revenue received,36285.21,0.00
E0071,2026-09-08,4100,Service revenue received,0.00,36285.21
E0072,2026-09-12,1000,Customer collections,171358.23,0.00
E0072,2026-09-12,1100,Customer collections,0.00,171358.23
E0073,2026-09-05,1200,Inventory purchases on credit,136832.73,0.00
E0073,2026-09-05,2100,Inventory purchases on credit,0.00,136832.73
E0074,2026-09-28,5000,Cost of goods sold,105921.42,0.00
E0074,2026-09-28,1200,Cost of goods sold,0.00,105921.42
E0075,2026-09-25,6000,Monthly payroll,67182.62,0.00
E0075,2026-09-25,1000,Monthly payroll,0.00,67182.62
E0076,2026-09-02,6100,Office rent,25000.00,0.00
E0076,2026-09-02,1000,Office rent,0.00,25000.00
E0077,2026-09-20,6200,Utilities,6684.55,0.00
E0077,2026-09-20,1000,Utilities,0.00,6684.55
E0078,2026-09-15,6300,Marketing spend,21478.65,0.00
E0078,2026-09-15,1000,Marketing spend,0.00,21478.65
E0079,2026-09-30,6400,Monthly depreciation,8000.00,0.00
E0079,2026-09-30,1510,Monthly depreciation,0.00,8000.00
E0080,2026-09-18,2100,Supplier payments,98972.77,0.00
E0080,2026-09-18,1000,Supplier payments,0.00,98972.77
E0081,2026-09-22,6999,Misc operating expenses,6143.82,0.00
E0081,2026-09-22,1000,Misc operating expenses,0.00,6143.82
E0082,2026-09-27,2500,Loan repayment,15000.00,0.00
E0082,2026-09-27,1000,Loan repayment,0.00,15000.00
